Method,Job,AnalyzeLaunchVariance,EvaluateOverhead,MaxAbsoluteError,MaxRelativeError,MinInvokeCount,MinIterationTime,OutlierMode,Affinity,EnvironmentVariables,Jit,LargeAddressAware,Platform,PowerPlanMode,Runtime,AllowVeryLargeObjects,Concurrent,CpuGroups,Force,HeapAffinitizeMask,HeapCount,NoAffinitize,RetainVm,Server,Arguments,BuildConfiguration,Clock,EngineFactory,NuGetReferences,Toolchain,IsMutator,InvocationCount,IterationCount,IterationTime,LaunchCount,MaxIterationCount,MaxWarmupIterationCount,MemoryRandomization,MinIterationCount,MinWarmupIterationCount,RunStrategy,UnrollFactor,WarmupCount,Format,Count,Mean,Error,StdDev,Gen0,Allocated
Serialize,Job-HDUCDG,False,Default,Default,Default,Default,Default,Default,11111111111111111111111111111111,Empty,RyuJit,Default,X64,8c5e7fda-e8bf-4a96-9a85-a6e23a8c635c,.NET 10.0,False,True,False,True,Default,Default,False,False,False,Default,Default,Default,Default,Default,Default,Default,Default,8,250ms,1,Default,Default,Default,Default,Default,Default,16,3,Default,1,57.83 ns,2.134 ns,1.116 ns,0.0047,80 B
Deserialize,Job-HDUCDG,False,Default,Default,Default,Default,Default,Default,11111111111111111111111111111111,Empty,RyuJit,Default,X64,8c5e7fda-e8bf-4a96-9a85-a6e23a8c635c,.NET 10.0,False,True,False,True,Default,Default,False,False,False,Default,Default,Default,Default,Default,Default,Default,Default,8,250ms,1,Default,Default,Default,Default,Default,Default,16,3,Default,1,81.63 ns,2.732 ns,1.429 ns,0.0074,128 B
Serialize,Job-HDUCDG,False,Default,Default,Default,Default,Default,Default,11111111111111111111111111111111,Empty,RyuJit,Default,X64,8c5e7fda-e8bf-4a96-9a85-a6e23a8c635c,.NET 10.0,False,True,False,True,Default,Default,False,False,False,Default,Default,Default,Default,Default,Default,Default,Default,8,250ms,1,Default,Default,Default,Default,Default,Default,16,3,Default,64,"1,215.42 ns",15.393 ns,6.835 ns,0.1989,3352 B
Deserialize,Job-HDUCDG,False,Default,Default,Default,Default,Default,Default,11111111111111111111111111111111,Empty,RyuJit,Default,X64,8c5e7fda-e8bf-4a96-9a85-a6e23a8c635c,.NET 10.0,False,True,False,True,Default,Default,False,False,False,Default,Default,Default,Default,Default,Default,Default,Default,8,250ms,1,Default,Default,Default,Default,Default,Default,16,3,Default,64,"3,937.85 ns",48.999 ns,21.756 ns,0.3959,6680 B
Serialize,Job-HDUCDG,False,Default,Default,Default,Default,Default,Default,11111111111111111111111111111111,Empty,RyuJit,Default,X64,8c5e7fda-e8bf-4a96-9a85-a6e23a8c635c,.NET 10.0,False,True,False,True,Default,Default,False,False,False,Default,Default,Default,Default,Default,Default,Default,Default,8,250ms,1,Default,Default,Default,Default,Default,Default,16,3,InvariantTimestamp,1,93.16 ns,1.844 ns,0.965 ns,0.0041,72 B
Deserialize,Job-HDUCDG,False,Default,Default,Default,Default,Default,Default,11111111111111111111111111111111,Empty,RyuJit,Default,X64,8c5e7fda-e8bf-4a96-9a85-a6e23a8c635c,.NET 10.0,False,True,False,True,Default,Default,False,False,False,Default,Default,Default,Default,Default,Default,Default,Default,8,250ms,1,Default,Default,Default,Default,Default,Default,16,3,InvariantTimestamp,1,180.92 ns,1.488 ns,0.778 ns,0.0015,32 B
Serialize,Job-HDUCDG,False,Default,Default,Default,Default,Default,Default,11111111111111111111111111111111,Empty,RyuJit,Default,X64,8c5e7fda-e8bf-4a96-9a85-a6e23a8c635c,.NET 10.0,False,True,False,True,Default,Default,False,False,False,Default,Default,Default,Default,Default,Default,Default,Default,8,250ms,1,Default,Default,Default,Default,Default,Default,16,3,InvariantTimestamp,64,"3,238.89 ns",14.906 ns,7.796 ns,0.1684,2968 B
Deserialize,Job-HDUCDG,False,Default,Default,Default,Default,Default,Default,11111111111111111111111111111111,Empty,RyuJit,Default,X64,8c5e7fda-e8bf-4a96-9a85-a6e23a8c635c,.NET 10.0,False,True,False,True,Default,Default,False,False,False,Default,Default,Default,Default,Default,Default,Default,Default,8,250ms,1,Default,Default,Default,Default,Default,Default,16,3,InvariantTimestamp,64,"8,937.17 ns",46.553 ns,24.348 ns,0.0000,536 B
Serialize,Job-HDUCDG,False,Default,Default,Default,Default,Default,Default,11111111111111111111111111111111,Empty,RyuJit,Default,X64,8c5e7fda-e8bf-4a96-9a85-a6e23a8c635c,.NET 10.0,False,True,False,True,Default,Default,False,False,False,Default,Default,Default,Default,Default,Default,Default,Default,8,250ms,1,Default,Default,Default,Default,Default,Default,16,3,JapaneseLongDate,1,94.54 ns,0.928 ns,0.485 ns,0.0031,56 B
Deserialize,Job-HDUCDG,False,Default,Default,Default,Default,Default,Default,11111111111111111111111111111111,Empty,RyuJit,Default,X64,8c5e7fda-e8bf-4a96-9a85-a6e23a8c635c,.NET 10.0,False,True,False,True,Default,Default,False,False,False,Default,Default,Default,Default,Default,Default,Default,Default,8,250ms,1,Default,Default,Default,Default,Default,Default,16,3,JapaneseLongDate,1,288.96 ns,5.158 ns,2.290 ns,0.0011,32 B
Serialize,Job-HDUCDG,False,Default,Default,Default,Default,Default,Default,11111111111111111111111111111111,Empty,RyuJit,Default,X64,8c5e7fda-e8bf-4a96-9a85-a6e23a8c635c,.NET 10.0,False,True,False,True,Default,Default,False,False,False,Default,Default,Default,Default,Default,Default,Default,Default,8,250ms,1,Default,Default,Default,Default,Default,Default,16,3,JapaneseLongDate,64,"4,006.03 ns",90.304 ns,47.231 ns,0.1110,2032 B
Deserialize,Job-HDUCDG,False,Default,Default,Default,Default,Default,Default,11111111111111111111111111111111,Empty,RyuJit,Default,X64,8c5e7fda-e8bf-4a96-9a85-a6e23a8c635c,.NET 10.0,False,True,False,True,Default,Default,False,False,False,Default,Default,Default,Default,Default,Default,Default,Default,8,250ms,1,Default,Default,Default,Default,Default,Default,16,3,JapaneseLongDate,64,"17,580.08 ns",199.851 ns,88.735 ns,0.0000,536 B
